Question,Answer,Context,Title
What is the Big Bang theory and how does it explain the origin of the universe?,"The Big Bang theory explains the origin of the universe as an expansion from a hot, dense state.",Astrophysics,Astrophysics
How do stars generate energy?,Stars generate energy through nuclear fusion.,Astrophysics,Astrophysics
What is the difference between a planet and a star?,"Planets orbit stars and do not emit their own light, while stars are massive luminous celestial bodies.",Astrophysics,Astrophysics
How are galaxies formed?,Galaxies form through the accumulation of matter in cosmic structures.,Astrophysics,Astrophysics
What is the Hubble Space Telescope and what has it discovered?,The Hubble Space Telescope has made significant discoveries and provided detailed images of distant celestial objects.,Astrophysics,Astrophysics
What is a supernova and what happens during this explosive event?,"Supernovae are powerful explosions at the end of massive stars' lives, scattering heavy elements.",Astrophysics,Astrophysics
How do astronomers measure the distance to faraway galaxies?,"Distances to galaxies are measured using methods like parallax, standard candles, and redshift.",Astrophysics,Astrophysics
What is a pulsar and how does it emit regular bursts of radiation?,Pulsars are rotating neutron stars emitting beams of electromagnetic radiation.,Astrophysics,Astrophysics
What is a quasar and what makes it one of the most luminous objects in the universe?,Quasars are luminous objects powered by supermassive black holes at galaxy centers.,Astrophysics,Astrophysics
What are gravitational waves and how do they originate?,Gravitational waves are ripples in spacetime caused by accelerating massive objects.,Astrophysics,Astrophysics
How does Einstein's theory of general relativity explain gravity?,General relativity describes gravity as the curvature of spacetime caused by mass and energy.,Astrophysics,Astrophysics
What is the event horizon of a black hole?,The event horizon of a black hole is a boundary beyond which nothing can escape.,Astrophysics,Astrophysics
How do astronomers study the composition of distant stars and galaxies?,Astronomers study composition by analyzing the electromagnetic spectra of celestial objects.,Astrophysics,Astrophysics
What is dark matter and why is it important in understanding the structure of the universe?,Dark matter is invisible matter inferred from gravitational effects.,Astrophysics,Astrophysics
What is dark energy and how does it influence the expansion of the universe?,Dark energy is a hypothetical form of energy driving the accelerating expansion of the universe.,Astrophysics,Astrophysics
How do black holes distort space and time around them?,"Black holes deform spacetime, creating a region of intense gravity.",Astrophysics,Astrophysics
What are neutron stars and why are they so dense?,"Neutron stars are dense remnants of supernova explosions, primarily composed of neutrons.",Astrophysics,Astrophysics
What is the Oort Cloud and what role does it play in our solar system?,The Oort Cloud is a hypothetical region containing icy objects in the outer solar system.,Astrophysics,Astrophysics
How do planetary nebulae form and what do they tell us about the late stages of a star's life?,"Planetary nebulae form in the late stages of a star's life, providing insights into stellar evolution.",Astrophysics,Astrophysics
"What is the difference between a meteor, meteoroid, and meteorite?","Meteors are objects that burn up in a planet's atmosphere, meteoroids are smaller objects in space, and meteorites are meteors that survive the journey to impact the planet's surface.",Astrophysics,Astrophysics
How are exoplanets discovered and what methods are used to study them?,"Exoplanets are detected and studied through various methods like radial velocity, transit, and direct imaging.",Astrophysics,Astrophysics
What is the Drake Equation and how does it estimate the potential number of extraterrestrial civilizations?,The Drake Equation estimates the potential number of extraterrestrial civilizations.,Astrophysics,Astrophysics
What is the heliosphere and how does it protect our solar system from cosmic radiation?,The heliosphere is a protective bubble around our solar system created by the solar wind.,Astrophysics,Astrophysics
What is the age of the universe and how is it determined?,The age of the universe is estimated to be approximately 13.8 billion years.,Astrophysics,Astrophysics
What are gamma-ray bursts and what causes them?,Gamma-ray bursts are energetic explosions associated with certain astrophysical events.,Astrophysics,Astrophysics
How do gravitational lensing and microlensing help in studying distant objects?,Gravitational lensing and microlensing help study distant objects by bending and magnifying light.,Astrophysics,Astrophysics
What is the cosmic microwave background radiation and what information does it provide about the early universe?,"The cosmic microwave background radiation is residual heat from the early universe, providing information about its structure.",Astrophysics,Astrophysics
What are the different types of galaxies and what distinguishes them?,"Galaxies can be categorized into spiral, elliptical, and irregular types based on their shapes and features.",Astrophysics,Astrophysics
What is the Kuiper Belt and what objects can be found there?,"The Kuiper Belt is a region beyond Neptune's orbit, containing small bodies like Pluto and other dwarf planets.",Astrophysics,Astrophysics
How do magnetic fields influence star formation and stellar evolution?,Magnetic fields play a crucial role in star formation and the dynamics of galaxies.,Astrophysics,Astrophysics
What is the Roche limit and how does it relate to the formation of planetary rings?,"The Roche limit defines the distance at which a celestial body, due to tidal forces, can disintegrate under the gravitational pull of another body.",Astrophysics,Astrophysics
What is the significance of the Hertzsprung-Russell diagram in understanding stellar properties?,"The Hertzsprung-Russell diagram is a graph that plots the luminosity and temperature of stars, revealing their evolutionary stage and characteristics.",Astrophysics,Astrophysics
How do astronomers measure the mass of black holes?,"The mass of black holes is measured through various techniques, including studying the motion of nearby stars and gas.",Astrophysics,Astrophysics
What is the difference between a comet and an asteroid?,"Comets are icy bodies that release gas and dust when near the Sun, while asteroids are rocky objects.",Astrophysics,Astrophysics
What is a gamma-ray burst and what are its potential implications for life on Earth?,Gamma-ray bursts are energetic bursts of gamma rays with potential implications for life on Earth.,Astrophysics,Astrophysics
How do supernovae contribute to the formation of new stars and planetary systems?,"Supernovae enrich the interstellar medium with heavy elements, promoting the formation of new stars and planetary systems.",Astrophysics,Astrophysics
What is the significance of the cosmic web in understanding the large-scale structure of the universe?,"The cosmic web refers to the large-scale distribution of matter in the universe, composed of filaments and voids.",Astrophysics,Astrophysics
What is the process of nucleosynthesis and how does it create elements in the universe?,Nucleosynthesis is the process of element formation through nuclear reactions in stars and supernovae.,Astrophysics,Astrophysics
How do planetary atmospheres influence the habitability of exoplanets?,Planetary atmospheres influence the habitability of exoplanets by regulating temperature and supporting life-sustaining conditions.,Astrophysics,Astrophysics
What is the role of magnetic fields in shaping the behavior of stars and galaxies?,"Magnetic fields shape the behavior of stars and galaxies, affecting their dynamics and structure.",Astrophysics,Astrophysics
